sample_id,ground_truth_bpm,predicted_bpm,error_bpm
subject5,100.634765625,100.0,-0.634765625
subject9,104.150390625,104.0,-0.150390625
subject42,98.4375,98.0,-0.4375
subject46,91.6259765625,99.0,7.3740234375
subject48,91.6259765625,88.0,-3.6259765625
