sample_id,ground_truth_bpm,predicted_bpm,error_bpm
P000001,129.8583984375,119.0,-10.8583984375
P000002,53.3935546875,96.0,42.6064453125
P000003,122.3876953125,74.0,-48.3876953125
P000004,136.4501953125,75.0,-61.4501953125
P000005,141.943359375,98.0,-43.943359375
P000006,48.9990234375,62.0,13.0009765625
P000007,131.6162109375,64.0,-67.6162109375
P000008,97.119140625,97.0,-0.119140625
P000009,126.123046875,126.0,-0.123046875
P000010,81.5185546875,81.0,-0.5185546875
